코드,지역명,분류,위도,경도
POI001,강남 MICE 관광특구,관광특구,37.511284,127.060052
POI002,동대문 관광특구,관광특구,37.567214,127.00755
POI003,명동 관광특구,관광특구,37.56414,126.982884
POI004,이태원 관광특구,관광특구,37.534757,126.99592
POI005,잠실 관광특구,관광특구,37.518689,127.116944
POI006,종로·청계 관광특구,관광특구,37.569842,126.998667
POI007,홍대 관광특구,관광특구,37.555062,126.921591
POI008,경복궁,고궁·문화유산,37.580915,126.977647
POI009,광화문·덕수궁,고궁·문화유산,37.569033,126.977809
POI010,보신각,고궁·문화유산,37.570898,126.983376
POI011,서울 암사동 유적,고궁·문화유산,37.561028,127.130785
POI012,창덕궁·종묘,고궁·문화유산,37.57953,126.994168
POI013,가산디지털단지역,인구밀집지역,37.482673,126.880145
POI014,강남역,인구밀집지역,37.500198,127.028221
POI015,건대입구역,인구밀집지역,37.540005,127.067182
POI016,고덕역,인구밀집지역,37.553377,127.155033
POI017,고속터미널역,인구밀집지역,37.504723,127.005423
POI018,교대역,인구밀집지역,37.491855,127.014566
POI019,구로디지털단지역,인구밀집지역,37.483495,126.895579
POI020,구로역,인구밀집지역,37.501517,126.882855
POI021,군자역,인구밀집지역,37.555916,127.080089
POI023,대림역,인구밀집지역,37.492818,126.895673
POI024,동대문역,인구밀집지역,37.571274,127.009685
POI025,뚝섬역,인구밀집지역,37.54825,127.046031
POI026,미아사거리역,인구밀집지역,37.612449,127.030584
POI027,발산역,인구밀집지역,37.557968,126.841797
POI029,사당역,인구밀집지역,37.47635,126.981295
POI030,삼각지역,인구밀집지역,37.535324,126.973926
POI031,서울대입구역,인구밀집지역,37.48061,126.953604
POI032,서울식물원·마곡나루역,인구밀집지역,37.567451,126.829861
POI033,서울역,인구밀집지역,37.556623,126.972169
POI034,선릉역,인구밀집지역,37.505842,127.04891
POI035,성신여대입구역,인구밀집지역,37.592628,127.01659
POI036,수유역,인구밀집지역,37.641117,127.026462
POI037,신논현역·논현역,인구밀집지역,37.508481,127.022915
POI038,신도림역,인구밀집지역,37.509415,126.89096
POI039,신림역,인구밀집지역,37.48397,126.92987
POI040,신촌·이대역,인구밀집지역,37.555641,126.937612
POI041,양재역,인구밀집지역,37.484514,127.035511
POI042,역삼역,인구밀집지역,37.500112,127.037213
POI043,연신내역,인구밀집지역,37.619035,126.921802
POI044,오목교역·목동운동장,인구밀집지역,37.531748,126.879248
POI045,왕십리역,인구밀집지역,37.561637,127.038575
POI046,용산역,인구밀집지역,37.530597,126.959538
POI047,이태원역,인구밀집지역,37.534848,126.992614
POI048,장지역,인구밀집지역,37.47861,127.124243
POI049,장한평역,인구밀집지역,37.562849,127.062351
POI050,천호역,인구밀집지역,37.539211,127.124704
POI051,총신대입구(이수)역,인구밀집지역,37.486778,126.980754
POI052,충정로역,인구밀집지역,37.559525,126.964206
POI053,합정역,인구밀집지역,37.548573,126.910845
POI054,혜화역,인구밀집지역,37.582374,127.00144
POI055,홍대입구역(2호선),인구밀집지역,37.556069,126.923298
POI056,회기역,인구밀집지역,37.590538,127.057
POI058,가락시장,발달상권,37.494455,127.11055
POI059,가로수길,발달상권,37.522663,127.025433
POI060,광장(전통)시장,발달상권,37.569817,127.000149
POI061,김포공항,발달상권,37.562289,126.802899
POI063,노량진,발달상권,37.513691,126.949071
POI064,덕수궁길·정동길,발달상권,37.565974,126.972445
POI066,북촌한옥마을,발달상권,37.584256,126.983861
POI067,서촌,발달상권,37.580188,126.966623
POI068,성수카페거리,발달상권,37.542277,127.055602
POI070,쌍문역,인구밀집지역,37.647693,127.032393
POI071,압구정로데오거리,발달상권,37.525604,127.040402
POI072,여의도,발달상권,37.525493,126.923389
POI073,연남동,발달상권,37.561427,126.924063
POI074,영등포 타임스퀘어,발달상권,37.516532,126.905239
POI076,용리단길,발달상권,37.531106,126.971474
POI077,이태원 앤틱가구거리,발달상권,37.531873,126.993434
POI078,인사동,발달상권,37.573996,126.986057
POI079,창동 신경제 중심지,발달상권,37.656168,127.053288
POI080,청담동 명품거리,발달상권,37.526455,127.043541
POI081,청량리 제기동 일대 전통시장,발달상권,37.579978,127.038279
POI082,해방촌·경리단길,발달상권,37.541438,126.988368
POI083,DDP(동대문디자인플라자),발달상권,37.566542,127.009931
POI084,DMC(디지털미디어시티),발달상권,37.577407,126.893669
POI085,강서한강공원,공원,37.585871,126.820025
POI086,고척돔,공원,37.497768,126.867133
POI087,광나루한강공원,공원,37.550866,127.123706
POI088,광화문광장,공원,37.575051,126.976807
POI089,국립중앙박물관·용산가족공원,공원,37.522021,126.982468
POI090,난지한강공원,공원,37.566317,126.8777
POI091,남산공원,공원,37.555071,126.99365
POI092,노들섬,공원,37.517557,126.958714
POI093,뚝섬한강공원,공원,37.528825,127.074607
POI094,망원한강공원,공원,37.554801,126.898237
POI095,반포한강공원,공원,37.510655,126.994575
POI096,북서울꿈의숲,공원,37.622735,127.040909
POI098,서리풀공원·몽마르뜨공원,공원,37.490221,127.001737
POI100,서울대공원,공원,37.428396,127.018638
POI101,서울숲공원,공원,37.544027,127.036731
POI102,아차산,공원,37.56307,127.100479
POI103,양화한강공원,공원,37.540297,126.899636
POI104,어린이대공원,공원,37.549571,127.082431
POI105,여의도한강공원,공원,37.528689,126.926276
POI106,월드컵공원,공원,37.566039,126.887402
POI107,응봉산,공원,37.547974,127.029046
POI108,이촌한강공원,공원,37.52139,126.963566
POI109,잠실종합운동장,공원,37.516107,127.072303
POI110,잠실한강공원,공원,37.519812,127.085074
POI111,잠원한강공원,공원,37.523362,127.013971
POI112,청계산,공원,37.443365,127.04697
POI114,북창동 먹자골목,발달상권,37.561816,126.977478
POI115,남대문시장,발달상권,37.559671,126.978544
POI116,익선동,발달상권,37.573693,126.988677
POI117,신정네거리역,인구밀집지역,37.520618,126.854038
POI118,잠실새내역,인구밀집지역,37.510826,127.084129
POI119,잠실역,인구밀집지역,37.511744,127.099093
POI120,잠실롯데타워·석촌호수,발달상권,37.51232,127.103657
POI121,송리단길·호수단길,발달상권,37.50767,127.103627
POI122,신촌 스타광장,발달상권,37.556455,126.936987
POI123,보라매공원,공원,37.493148,126.919275
POI124,서대문독립공원,공원,37.573446,126.956973
POI125,안양천,공원,37.519344,126.879273
POI126,여의서로,공원,37.531915,126.913813
POI127,올림픽공원,공원,37.521881,127.123681
POI128,홍제폭포,공원,37.580581,126.936894
POI129,송현녹지광장,공원,37.578156,126.98375
POI130,시의회 앞,인구밀집지역,37.567725,126.976707
POI131,숭례문,인구밀집지역,37.560277,126.975737
