수집시각,기준시각,코드,지역명,혼잡도,인구min,인구max,위도,경도
2026-09-18 06:22:28+0900,2026-09-18 05:50:00+0900,POI014,강남역,여유,20000,22000,37.500198,127.028221
2026-09-18 06:23:23+0900,2026-09-18 05:55:00+0900,POI001,강남 MICE 관광특구,여유,2500,3000,37.511284,127.060052
2026-09-18 06:23:23+0900,2026-09-18 05:55:00+0900,POI002,동대문 관광특구,여유,14000,16000,37.567214,127.00755
2026-09-18 06:23:23+0900,2026-09-18 05:55:00+0900,POI003,명동 관광특구,여유,10000,12000,37.56414,126.982884
2026-09-18 06:23:23+0900,2026-09-18 05:55:00+0900,POI004,이태원 관광특구,여유,3500,4000,37.534757,126.99592
2026-09-18 06:23:23+0900,2026-09-18 05:55:00+0900,POI005,잠실 관광특구,여유,18000,20000,37.518689,127.116944
2026-09-18 06:23:23+0900,2026-09-18 05:55:00+0900,POI006,종로·청계 관광특구,여유,10000,12000,37.569842,126.998667
2026-09-18 06:23:23+0900,2026-09-18 05:55:00+0900,POI007,홍대 관광특구,여유,30000,32000,37.555062,126.921591
2026-09-18 06:23:23+0900,2026-09-18 05:55:00+0900,POI008,경복궁,여유,300,400,37.580915,126.977647
2026-09-18 06:23:23+0900,2026-09-18 05:55:00+0900,POI009,광화문·덕수궁,여유,4500,5000,37.569033,126.977809
2026-09-18 06:23:23+0900,2026-09-18 05:55:00+0900,POI010,보신각,여유,2000,2500,37.570898,126.983376
2026-09-18 06:23:23+0900,2026-09-18 05:55:00+0900,POI011,서울 암사동 유적,여유,300,400,37.561028,127.130785
2026-09-18 06:23:23+0900,2026-09-18 05:55:00+0900,POI012,창덕궁·종묘,여유,3500,4000,37.57953,126.994168
2026-09-18 06:23:23+0900,2026-09-18 05:55:00+0900,POI013,가산디지털단지역,여유,7500,8000,37.482673,126.880145
2026-09-18 06:23:23+0900,2026-09-18 05:55:00+0900,POI014,강남역,여유,20000,22000,37.500198,127.028221
2026-09-18 06:23:23+0900,2026-09-18 05:55:00+0900,POI015,건대입구역,여유,14000,16000,37.540005,127.067182
2026-09-18 06:23:23+0900,2026-09-18 05:55:00+0900,POI016,고덕역,여유,1500,2000,37.553377,127.155033
2026-09-18 06:23:23+0900,2026-09-18 05:55:00+0900,POI017,고속터미널역,여유,3000,3500,37.504723,127.005423
2026-09-18 06:23:23+0900,2026-09-18 05:55:00+0900,POI018,교대역,여유,5500,6000,37.491855,127.014566
2026-09-18 06:23:23+0900,2026-09-18 05:55:00+0900,POI019,구로디지털단지역,여유,5000,5500,37.483495,126.895579
2026-09-18 06:23:23+0900,2026-09-18 05:55:00+0900,POI020,구로역,여유,1000,1500,37.501517,126.882855
2026-09-18 06:23:23+0900,2026-09-18 05:55:00+0900,POI021,군자역,여유,3500,4000,37.555916,127.080089
2026-09-18 06:23:23+0900,2026-09-18 05:55:00+0900,POI023,대림역,보통,16000,18000,37.492818,126.895673
2026-09-18 06:23:23+0900,2026-09-18 05:55:00+0900,POI024,동대문역,여유,2000,2500,37.571274,127.009685
2026-09-18 06:23:23+0900,2026-09-18 05:55:00+0900,POI025,뚝섬역,여유,4000,4500,37.54825,127.046031
2026-09-18 06:23:23+0900,2026-09-18 05:55:00+0900,POI026,미아사거리역,여유,4500,5000,37.612449,127.030584
2026-09-18 06:23:23+0900,2026-09-18 05:55:00+0900,POI027,발산역,여유,4000,4500,37.557968,126.841797
2026-09-18 06:23:23+0900,2026-09-18 05:55:00+0900,POI029,사당역,여유,7000,7500,37.47635,126.981295
2026-09-18 06:23:23+0900,2026-09-18 05:55:00+0900,POI030,삼각지역,여유,1000,1500,37.535324,126.973926
2026-09-18 06:23:23+0900,2026-09-18 05:55:00+0900,POI031,서울대입구역,여유,6000,6500,37.48061,126.953604
2026-09-18 06:23:23+0900,2026-09-18 05:55:00+0900,POI032,서울식물원·마곡나루역,여유,2000,2500,37.567451,126.829861
2026-09-18 06:23:23+0900,2026-09-18 05:55:00+0900,POI033,서울역,여유,4000,4500,37.556623,126.972169
2026-09-18 06:23:23+0900,2026-09-18 05:55:00+0900,POI034,선릉역,여유,16000,18000,37.505842,127.04891
2026-09-18 06:23:23+0900,2026-09-18 05:55:00+0900,POI035,성신여대입구역,여유,2500,3000,37.592628,127.01659
2026-09-18 06:23:23+0900,2026-09-18 05:55:00+0900,POI036,수유역,여유,7000,7500,37.641117,127.026462
2026-09-18 06:23:23+0900,2026-09-18 05:55:00+0900,POI037,신논현역·논현역,여유,4500,5000,37.508481,127.022915
2026-09-18 06:23:23+0900,2026-09-18 05:55:00+0900,POI038,신도림역,여유,4500,5000,37.509415,126.89096
2026-09-18 06:23:23+0900,2026-09-18 05:55:00+0900,POI039,신림역,여유,6500,7000,37.48397,126.92987
2026-09-18 06:23:23+0900,2026-09-18 05:55:00+0900,POI040,신촌·이대역,여유,16000,18000,37.555641,126.937612
2026-09-18 06:23:23+0900,2026-09-18 05:55:00+0900,POI041,양재역,여유,6000,6500,37.484514,127.035511
2026-09-18 06:23:23+0900,2026-09-18 05:55:00+0900,POI042,역삼역,여유,10000,12000,37.500112,127.037213
2026-09-18 06:23:23+0900,2026-09-18 05:55:00+0900,POI043,연신내역,여유,3000,3500,37.619035,126.921802
2026-09-18 06:23:23+0900,2026-09-18 05:55:00+0900,POI044,오목교역·목동운동장,여유,62000,64000,37.531748,126.879248
2026-09-18 06:23:23+0900,2026-09-18 05:55:00+0900,POI045,왕십리역,여유,16000,18000,37.561637,127.038575
2026-09-18 06:23:23+0900,2026-09-18 05:55:00+0900,POI046,용산역,여유,3500,4000,37.530597,126.959538
2026-09-18 06:23:23+0900,2026-09-18 05:55:00+0900,POI047,이태원역,여유,1500,2000,37.534848,126.992614
2026-09-18 06:23:23+0900,2026-09-18 05:55:00+0900,POI048,장지역,여유,7000,7500,37.47861,127.124243
2026-09-18 06:23:23+0900,2026-09-18 05:55:00+0900,POI049,장한평역,여유,5000,5500,37.562849,127.062351
2026-09-18 06:23:23+0900,2026-09-18 05:55:00+0900,POI050,천호역,여유,4000,4500,37.539211,127.124704
2026-09-18 06:23:23+0900,2026-09-18 05:55:00+0900,POI051,총신대입구(이수)역,여유,5000,5500,37.486778,126.980754
2026-09-18 06:23:23+0900,2026-09-18 05:55:00+0900,POI052,충정로역,여유,5500,6000,37.559525,126.964206
2026-09-18 06:23:23+0900,2026-09-18 05:55:00+0900,POI053,합정역,여유,5000,5500,37.548573,126.910845
2026-09-18 06:23:23+0900,2026-09-18 05:55:00+0900,POI054,혜화역,여유,7000,7500,37.582374,127.00144
2026-09-18 06:23:23+0900,2026-09-18 05:55:00+0900,POI055,홍대입구역(2호선),여유,6000,6500,37.556069,126.923298
2026-09-18 06:23:23+0900,2026-09-18 05:55:00+0900,POI056,회기역,여유,7000,7500,37.590538,127.057
2026-09-18 06:23:23+0900,2026-09-18 05:55:00+0900,POI058,가락시장,여유,8500,9000,37.494455,127.11055
2026-09-18 06:23:23+0900,2026-09-18 05:55:00+0900,POI059,가로수길,여유,9500,10000,37.522663,127.025433
2026-09-18 06:23:23+0900,2026-09-18 05:55:00+0900,POI060,광장(전통)시장,여유,1000,1500,37.569817,127.000149
2026-09-18 06:23:23+0900,2026-09-18 05:55:00+0900,POI061,김포공항,여유,3500,4000,37.562289,126.802899
2026-09-18 06:23:23+0900,2026-09-18 05:55:00+0900,POI063,노량진,여유,12000,14000,37.513691,126.949071
2026-09-18 06:23:23+0900,2026-09-18 05:55:00+0900,POI064,덕수궁길·정동길,여유,1000,1500,37.565974,126.972445
2026-09-18 06:23:23+0900,2026-09-18 05:55:00+0900,POI066,북촌한옥마을,여유,4000,4500,37.584256,126.983861
2026-09-18 06:23:23+0900,2026-09-18 05:55:00+0900,POI067,서촌,여유,8500,9000,37.580188,126.966623
2026-09-18 06:23:23+0900,2026-09-18 05:55:00+0900,POI068,성수카페거리,여유,7000,7500,37.542277,127.055602
2026-09-18 06:23:23+0900,2026-09-18 05:55:00+0900,POI070,쌍문역,여유,4500,5000,37.647693,127.032393
2026-09-18 06:23:23+0900,2026-09-18 05:55:00+0900,POI071,압구정로데오거리,여유,10000,12000,37.525604,127.040402
2026-09-18 06:23:23+0900,2026-09-18 05:55:00+0900,POI072,여의도,여유,36000,38000,37.525493,126.923389
2026-09-18 06:23:23+0900,2026-09-18 05:55:00+0900,POI073,연남동,여유,6000,6500,37.561427,126.924063
2026-09-18 06:23:23+0900,2026-09-18 05:55:00+0900,POI074,영등포 타임스퀘어,여유,4000,4500,37.516532,126.905239
2026-09-18 06:23:23+0900,2026-09-18 05:55:00+0900,POI076,용리단길,여유,3000,3500,37.531106,126.971474
2026-09-18 06:23:23+0900,2026-09-18 05:55:00+0900,POI077,이태원 앤틱가구거리,여유,3000,3500,37.531873,126.993434
2026-09-18 06:23:23+0900,2026-09-18 05:55:00+0900,POI078,인사동,여유,3500,4000,37.573996,126.986057
2026-09-18 06:23:23+0900,2026-09-18 05:55:00+0900,POI079,창동 신경제 중심지,여유,14000,16000,37.656168,127.053288
2026-09-18 06:23:23+0900,2026-09-18 05:55:00+0900,POI080,청담동 명품거리,여유,1500,2000,37.526455,127.043541
2026-09-18 06:23:23+0900,2026-09-18 05:55:00+0900,POI081,청량리 제기동 일대 전통시장,여유,7500,8000,37.579978,127.038279
2026-09-18 06:23:23+0900,2026-09-18 05:55:00+0900,POI082,해방촌·경리단길,여유,2500,3000,37.541438,126.988368
2026-09-18 06:23:23+0900,2026-09-18 05:55:00+0900,POI083,DDP(동대문디자인플라자),여유,1500,2000,37.566542,127.009931
2026-09-18 06:23:23+0900,2026-09-18 05:55:00+0900,POI084,DMC(디지털미디어시티),여유,14000,16000,37.577407,126.893669
2026-09-18 06:23:23+0900,2026-09-18 05:55:00+0900,POI085,강서한강공원,여유,100,200,37.585871,126.820025
2026-09-18 06:23:23+0900,2026-09-18 05:55:00+0900,POI086,고척돔,여유,700,800,37.497768,126.867133
2026-09-18 06:23:23+0900,2026-09-18 05:55:00+0900,POI087,광나루한강공원,여유,2500,3000,37.550866,127.123706
2026-09-18 06:23:23+0900,2026-09-18 05:55:00+0900,POI088,광화문광장,여유,1000,1500,37.575051,126.976807
2026-09-18 06:23:23+0900,2026-09-18 05:55:00+0900,POI089,국립중앙박물관·용산가족공원,여유,1000,1500,37.522021,126.982468
2026-09-18 06:23:23+0900,2026-09-18 05:55:00+0900,POI090,난지한강공원,여유,1000,1500,37.566317,126.8777
2026-09-18 06:23:23+0900,2026-09-18 05:55:00+0900,POI091,남산공원,여유,5500,6000,37.555071,126.99365
2026-09-18 06:23:23+0900,2026-09-18 05:55:00+0900,POI092,노들섬,여유,100,200,37.517557,126.958714
2026-09-18 06:23:23+0900,2026-09-18 05:55:00+0900,POI093,뚝섬한강공원,여유,2000,2500,37.528825,127.074607
2026-09-18 06:23:23+0900,2026-09-18 05:55:00+0900,POI094,망원한강공원,여유,1000,1500,37.554801,126.898237
2026-09-18 06:23:23+0900,2026-09-18 05:55:00+0900,POI095,반포한강공원,여유,1000,1500,37.510655,126.994575
2026-09-18 06:23:23+0900,2026-09-18 05:55:00+0900,POI096,북서울꿈의숲,여유,4500,5000,37.622735,127.040909
2026-09-18 06:23:23+0900,2026-09-18 05:55:00+0900,POI098,서리풀공원·몽마르뜨공원,여유,2000,2500,37.490221,127.001737
2026-09-18 06:23:23+0900,2026-09-18 05:55:00+0900,POI100,서울대공원,여유,600,700,37.428396,127.018638
2026-09-18 06:23:23+0900,2026-09-18 05:55:00+0900,POI101,서울숲공원,여유,2500,3000,37.544027,127.036731
2026-09-18 06:23:23+0900,2026-09-18 05:55:00+0900,POI102,아차산,여유,3500,4000,37.56307,127.100479
2026-09-18 06:23:23+0900,2026-09-18 05:55:00+0900,POI103,양화한강공원,여유,500,600,37.540297,126.899636
2026-09-18 06:23:23+0900,2026-09-18 05:55:00+0900,POI104,어린이대공원,여유,2500,3000,37.549571,127.082431
2026-09-18 06:23:23+0900,2026-09-18 05:55:00+0900,POI105,여의도한강공원,여유,1000,1500,37.528689,126.926276
2026-09-18 06:23:23+0900,2026-09-18 05:55:00+0900,POI106,월드컵공원,여유,4500,5000,37.566039,126.887402
2026-09-18 06:23:23+0900,2026-09-18 05:55:00+0900,POI107,응봉산,여유,2000,2500,37.547974,127.029046
2026-09-18 06:23:23+0900,2026-09-18 05:55:00+0900,POI108,이촌한강공원,여유,2000,2500,37.52139,126.963566
2026-09-18 06:23:23+0900,2026-09-18 05:55:00+0900,POI109,잠실종합운동장,여유,1000,1500,37.516107,127.072303
2026-09-18 06:23:23+0900,2026-09-18 05:55:00+0900,POI110,잠실한강공원,여유,1500,2000,37.519812,127.085074
2026-09-18 06:23:23+0900,2026-09-18 05:55:00+0900,POI111,잠원한강공원,여유,1000,1500,37.523362,127.013971
2026-09-18 06:23:23+0900,2026-09-18 05:55:00+0900,POI112,청계산,여유,1000,1500,37.443365,127.04697
2026-09-18 06:23:23+0900,2026-09-18 05:55:00+0900,POI114,북창동 먹자골목,여유,1500,2000,37.561816,126.977478
2026-09-18 06:23:23+0900,2026-09-18 05:55:00+0900,POI115,남대문시장,여유,2000,2500,37.559671,126.978544
2026-09-18 06:23:23+0900,2026-09-18 05:55:00+0900,POI116,익선동,여유,2500,3000,37.573693,126.988677
2026-09-18 06:23:23+0900,2026-09-18 05:55:00+0900,POI117,신정네거리역,여유,900,1000,37.520618,126.854038
2026-09-18 06:23:23+0900,2026-09-18 05:55:00+0900,POI118,잠실새내역,여유,6000,6500,37.510826,127.084129
2026-09-18 06:23:23+0900,2026-09-18 05:55:00+0900,POI119,잠실역,여유,3000,3500,37.511744,127.099093
2026-09-18 06:23:23+0900,2026-09-18 05:55:00+0900,POI120,잠실롯데타워·석촌호수,여유,12000,14000,37.51232,127.103657
2026-09-18 06:23:23+0900,2026-09-18 05:55:00+0900,POI121,송리단길·호수단길,여유,4000,4500,37.50767,127.103627
2026-09-18 06:23:23+0900,2026-09-18 05:55:00+0900,POI122,신촌 스타광장,여유,1500,2000,37.556455,126.936987
2026-09-18 06:23:23+0900,2026-09-18 05:55:00+0900,POI123,보라매공원,여유,2000,2500,37.493148,126.919275
2026-09-18 06:23:23+0900,2026-09-18 05:55:00+0900,POI124,서대문독립공원,여유,700,800,37.573446,126.956973
2026-09-18 06:23:23+0900,2026-09-18 05:55:00+0900,POI125,안양천,여유,1000,1500,37.519344,126.879273
2026-09-18 06:23:23+0900,2026-09-18 05:55:00+0900,POI126,여의서로,여유,400,500,37.531915,126.913813
2026-09-18 06:23:23+0900,2026-09-18 05:55:00+0900,POI127,올림픽공원,여유,4500,5000,37.521881,127.123681
2026-09-18 06:23:23+0900,2026-09-18 05:55:00+0900,POI128,홍제폭포,여유,400,500,37.580581,126.936894
2026-09-18 06:23:23+0900,2026-09-18 05:55:00+0900,POI129,송현녹지광장,여유,1000,1500,37.578156,126.98375
2026-09-18 06:23:23+0900,2026-09-18 05:55:00+0900,POI130,시의회 앞,여유,1000,1500,37.567725,126.976707
2026-09-18 06:23:23+0900,2026-09-18 05:55:00+0900,POI131,숭례문,여유,1500,2000,37.560277,126.975737
